{
  "test/testsuite.qunit.js": 1768890656171,
  "test/integration/pages/RisksObjectPage.js": 1768890656291,
  "test/integration/pages/RisksList.js": 1768890656291,
  "test/integration/pages/JourneyRunner.js": 1768890656319,
  "test/integration/opaTests.qunit.js": 1768890656275,
  "test/integration/FirstJourney.js": 1768890656303,
  "i18n/i18n.properties": 1768890702639,
  "xs-app.json": 1769076451151,
  "manifest.json": 1769076451159,
  "Component.js": 1768890656003,
  "test/integration/pages/RisksList-dbg.js": 1768890656291,
  "test/integration/pages/RisksList.js.map": 1769076467240,
  "test/integration/pages/RisksObjectPage-dbg.js": 1768890656291,
  "test/integration/pages/RisksObjectPage.js.map": 1769076467241,
  "test/integration/pages/JourneyRunner-dbg.js": 1768890656319,
  "test/integration/pages/JourneyRunner.js.map": 1769076467244,
  "test/integration/opaTests.qunit-dbg.js": 1768890656275,
  "test/integration/opaTests.qunit.js.map": 1769076467242,
  "test/integration/FirstJourney-dbg.js": 1768890656303,
  "test/integration/FirstJourney.js.map": 1769076467244,
  "test/testsuite.qunit-dbg.js": 1768890656171,
  "test/testsuite.qunit.js.map": 1769076467244,
  "Component-dbg.js": 1768890656003,
  "Component.js.map": 1769076467244,
  "Component-preload.js": 1769076467459,
  "Component-preload.js.map": 1769076467459,
  "test/integration/opaTests.qunit.html": 1768890656267,
  "test/testsuite.qunit.html": 1768890656151,
  "test/flpSandbox.html": 1768890656151,
  "index.html": 1768890656023
}